dataset,subject_id,subject_type,diet,design,phase,date,day_index,body_weight_g
Lab A,1338,mouse,,within,baseline,2026-06-16,-8,35.4
Lab A,1338,mouse,control,within,ADL,2026-06-17,-7,34.2
Lab A,1338,mouse,control,within,ADL,2026-06-18,-6,33.8
Lab A,1338,mouse,control,within,ADL,2026-06-19,-5,34.5
Lab A,1338,mouse,control,within,ADL,2026-06-20,-4,34.3
Lab A,1338,mouse,control,within,ADL,2026-06-21,-3,34.0
Lab A,1338,mouse,control,within,ADL,2026-06-22,-2,35.0
Lab A,1338,mouse,control,within,ADL,2026-06-23,-1,34.3
Lab A,1338,mouse,,within,transition,2026-06-24,0,34.5
Lab A,1338,mouse,TRF,within,TRF,2026-06-25,1,34.5
Lab A,1338,mouse,TRF,within,TRF,2026-06-26,2,34.6
Lab A,1338,mouse,TRF,within,TRF,2026-06-27,3,34.5
Lab A,1338,mouse,TRF,within,TRF,2026-06-28,4,34.0
Lab A,1338,mouse,TRF,within,TRF,2026-06-29,5,34.6
Lab A,1338,mouse,TRF,within,TRF,2026-06-30,6,34.3
Lab A,1338,mouse,TRF,within,TRF,2026-07-01,7,34.8
Lab A,1339,mouse,,within,baseline,2026-06-16,-8,31.7
Lab A,1339,mouse,control,within,ADL,2026-06-17,-7,31.4
Lab A,1339,mouse,control,within,ADL,2026-06-18,-6,31.1
Lab A,1339,mouse,control,within,ADL,2026-06-19,-5,30.9
Lab A,1339,mouse,control,within,ADL,2026-06-20,-4,31.1
Lab A,1339,mouse,control,within,ADL,2026-06-21,-3,30.6
Lab A,1339,mouse,control,within,ADL,2026-06-22,-2,30.9
Lab A,1339,mouse,control,within,ADL,2026-06-23,-1,31.2
Lab A,1339,mouse,,within,transition,2026-06-24,0,29.7
Lab A,1339,mouse,TRF,within,TRF,2026-06-25,1,29.3
Lab A,1339,mouse,TRF,within,TRF,2026-06-26,2,29.5
Lab A,1339,mouse,TRF,within,TRF,2026-06-27,3,30.4
Lab A,1339,mouse,TRF,within,TRF,2026-06-28,4,29.4
Lab A,1339,mouse,TRF,within,TRF,2026-06-29,5,29.8
Lab A,1339,mouse,TRF,within,TRF,2026-06-30,6,30.4
Lab A,1339,mouse,TRF,within,TRF,2026-07-01,7,30.1
Lab A,1316,mouse,,within,baseline,2026-06-16,-8,32.6
Lab A,1316,mouse,control,within,ADL,2026-06-17,-7,31.2
Lab A,1316,mouse,control,within,ADL,2026-06-18,-6,30.9
Lab A,1316,mouse,control,within,ADL,2026-06-19,-5,31.2
Lab A,1316,mouse,control,within,ADL,2026-06-20,-4,31.5
Lab A,1316,mouse,control,within,ADL,2026-06-21,-3,31.3
Lab A,1316,mouse,control,within,ADL,2026-06-22,-2,31.6
Lab A,1316,mouse,control,within,ADL,2026-06-23,-1,31.4
Lab A,1316,mouse,,within,transition,2026-06-24,0,31.5
Lab A,1316,mouse,TRF,within,TRF,2026-06-25,1,31.4
Lab A,1316,mouse,TRF,within,TRF,2026-06-26,2,31.4
Lab A,1316,mouse,TRF,within,TRF,2026-06-27,3,31.4
Lab A,1316,mouse,TRF,within,TRF,2026-06-28,4,31.4
Lab A,1316,mouse,TRF,within,TRF,2026-06-29,5,31.4
Lab A,1316,mouse,TRF,within,TRF,2026-06-30,6,30.6
Lab A,1316,mouse,TRF,within,TRF,2026-07-01,7,31.3
Lab A,1340,mouse,,within,baseline,2026-06-16,-8,36.5
Lab A,1340,mouse,control,within,ADL,2026-06-17,-7,36.1
Lab A,1340,mouse,control,within,ADL,2026-06-18,-6,33.3
Lab A,1340,mouse,control,within,ADL,2026-06-19,-5,33.7
Lab A,1340,mouse,control,within,ADL,2026-06-20,-4,34.4
Lab A,1340,mouse,control,within,ADL,2026-06-21,-3,34.8
Lab A,1340,mouse,control,within,ADL,2026-06-22,-2,35.2
Lab A,1340,mouse,control,within,ADL,2026-06-23,-1,34.7
Lab A,1340,mouse,,within,transition,2026-06-24,0,34.5
Lab A,1340,mouse,TRF,within,TRF,2026-06-25,1,34.4
Lab A,1340,mouse,TRF,within,TRF,2026-06-26,2,34.6
Lab A,1340,mouse,TRF,within,TRF,2026-06-27,3,34.7
Lab A,1340,mouse,TRF,within,TRF,2026-06-28,4,35.1
Lab A,1340,mouse,TRF,within,TRF,2026-06-29,5,35.5
Lab A,1340,mouse,TRF,within,TRF,2026-06-30,6,35.1
Lab A,1340,mouse,TRF,within,TRF,2026-07-01,7,35.0
Lab A,1341,mouse,,within,baseline,2026-06-16,-8,33.2
Lab A,1341,mouse,control,within,ADL,2026-06-17,-7,33.4
Lab A,1341,mouse,control,within,ADL,2026-06-18,-6,33.5
Lab A,1341,mouse,control,within,ADL,2026-06-19,-5,33.2
Lab A,1341,mouse,control,within,ADL,2026-06-20,-4,33.7
Lab A,1341,mouse,control,within,ADL,2026-06-21,-3,34.0
Lab A,1341,mouse,control,within,ADL,2026-06-22,-2,33.3
Lab A,1341,mouse,control,within,ADL,2026-06-23,-1,33.6
Lab A,1341,mouse,,within,transition,2026-06-24,0,33.0
Lab A,1341,mouse,TRF,within,TRF,2026-06-25,1,32.8
Lab A,1341,mouse,TRF,within,TRF,2026-06-26,2,32.5
Lab A,1341,mouse,TRF,within,TRF,2026-06-27,3,32.8
Lab A,1341,mouse,TRF,within,TRF,2026-06-28,4,32.0
Lab A,1341,mouse,TRF,within,TRF,2026-06-29,5,31.9
Lab A,1341,mouse,TRF,within,TRF,2026-06-30,6,32.0
Lab A,1341,mouse,TRF,within,TRF,2026-07-01,7,31.6
Lab A,1342,mouse,,within,baseline,2026-06-16,-8,35.1
Lab A,1342,mouse,control,within,ADL,2026-06-17,-7,34.4
Lab A,1342,mouse,control,within,ADL,2026-06-18,-6,33.6
Lab A,1342,mouse,control,within,ADL,2026-06-19,-5,34.5
Lab A,1342,mouse,control,within,ADL,2026-06-20,-4,33.7
Lab A,1342,mouse,control,within,ADL,2026-06-21,-3,33.7
Lab A,1342,mouse,control,within,ADL,2026-06-22,-2,33.7
Lab A,1342,mouse,control,within,ADL,2026-06-23,-1,33.3
Lab A,1342,mouse,,within,transition,2026-06-24,0,33.1
Lab A,1342,mouse,TRF,within,TRF,2026-06-25,1,33.3
Lab A,1342,mouse,TRF,within,TRF,2026-06-26,2,33.3
Lab A,1342,mouse,TRF,within,TRF,2026-06-27,3,33.6
Lab A,1342,mouse,TRF,within,TRF,2026-06-28,4,33.1
Lab A,1342,mouse,TRF,within,TRF,2026-06-29,5,33.0
Lab A,1342,mouse,TRF,within,TRF,2026-06-30,6,32.8
Lab A,1342,mouse,TRF,within,TRF,2026-07-01,7,33.4
Lab B,E1,mouse,TRF,between,TRF,2026-06-20,0,25.71
Lab B,E2,mouse,TRF,between,TRF,2026-06-20,0,21.17
Lab B,E3,mouse,TRF,between,TRF,2026-06-20,0,23.14
Lab B,F1,mouse,TRF,between,TRF,2026-06-20,0,25.1
Lab B,F2,mouse,TRF,between,TRF,2026-06-20,0,23.03
Lab B,F3,mouse,TRF,between,TRF,2026-06-20,0,24.0
Lab B,G1,mouse,control,between,AL,2026-06-20,0,28.16
Lab B,G2,mouse,control,between,AL,2026-06-20,0,23.51
Lab B,G3,mouse,control,between,AL,2026-06-20,0,24.03
Lab B,H1,mouse,control,between,AL,2026-06-20,0,24.24
Lab B,H2,mouse,control,between,AL,2026-06-20,0,24.48
Lab B,H3,mouse,control,between,AL,2026-06-20,0,22.9
Lab B,I1,mouse,TRF,between,TRF,2026-06-20,0,22.55
Lab B,I2,mouse,TRF,between,TRF,2026-06-20,0,26.44
Lab B,I3,mouse,TRF,between,TRF,2026-06-20,0,25.18
Lab B,J1,mouse,TRF,between,TRF,2026-06-20,0,25.82
Lab B,J2,mouse,TRF,between,TRF,2026-06-20,0,22.46
Lab B,J3,mouse,TRF,between,TRF,2026-06-20,0,26.2
Lab B,K1,mouse,control,between,AL,2026-06-20,0,23.13
Lab B,K2,mouse,control,between,AL,2026-06-20,0,23.61
Lab B,K3,mouse,control,between,AL,2026-06-20,0,24.27
Lab B,K4,mouse,control,between,AL,2026-06-20,0,25.91
Lab B,E1,mouse,TRF,between,TRF,2026-06-23,3,24.83
Lab B,E2,mouse,TRF,between,TRF,2026-06-23,3,21.38
Lab B,E3,mouse,TRF,between,TRF,2026-06-23,3,21.93
Lab B,F1,mouse,TRF,between,TRF,2026-06-23,3,24.87
Lab B,F2,mouse,TRF,between,TRF,2026-06-23,3,22.45
Lab B,F3,mouse,TRF,between,TRF,2026-06-23,3,22.8
Lab B,G1,mouse,control,between,AL,2026-06-23,3,25.62
Lab B,G2,mouse,control,between,AL,2026-06-23,3,23.72
Lab B,G3,mouse,control,between,AL,2026-06-23,3,25.23
Lab B,H1,mouse,control,between,AL,2026-06-23,3,25.01
Lab B,H2,mouse,control,between,AL,2026-06-23,3,24.35
Lab B,H3,mouse,control,between,AL,2026-06-23,3,23.29
Lab B,I1,mouse,TRF,between,TRF,2026-06-23,3,22.17
Lab B,I2,mouse,TRF,between,TRF,2026-06-23,3,25.35
Lab B,I3,mouse,TRF,between,TRF,2026-06-23,3,24.1
Lab B,J1,mouse,TRF,between,TRF,2026-06-23,3,24.79
Lab B,J2,mouse,TRF,between,TRF,2026-06-23,3,22.02
Lab B,J3,mouse,TRF,between,TRF,2026-06-23,3,25.42
Lab B,K1,mouse,control,between,AL,2026-06-23,3,22.88
Lab B,K2,mouse,control,between,AL,2026-06-23,3,23.35
Lab B,K3,mouse,control,between,AL,2026-06-23,3,23.67
Lab B,K4,mouse,control,between,AL,2026-06-23,3,26.73
Lab B,E1,mouse,TRF,between,TRF,2026-06-26,6,25.45
Lab B,E2,mouse,TRF,between,TRF,2026-06-26,6,21.95
Lab B,E3,mouse,TRF,between,TRF,2026-06-26,6,22.9
Lab B,F1,mouse,TRF,between,TRF,2026-06-26,6,25.64
Lab B,F2,mouse,TRF,between,TRF,2026-06-26,6,23.49
Lab B,F3,mouse,TRF,between,TRF,2026-06-26,6,23.98
Lab B,G1,mouse,control,between,AL,2026-06-26,6,26.21
Lab B,G2,mouse,control,between,AL,2026-06-26,6,24.18
Lab B,G3,mouse,control,between,AL,2026-06-26,6,25.86
Lab B,H1,mouse,control,between,AL,2026-06-26,6,24.83
Lab B,H2,mouse,control,between,AL,2026-06-26,6,25.2
Lab B,H3,mouse,control,between,AL,2026-06-26,6,23.89
Lab B,I1,mouse,TRF,between,TRF,2026-06-26,6,23.02
Lab B,I2,mouse,TRF,between,TRF,2026-06-26,6,26.02
Lab B,I3,mouse,TRF,between,TRF,2026-06-26,6,24.57
Lab B,J1,mouse,TRF,between,TRF,2026-06-26,6,26.61
Lab B,J2,mouse,TRF,between,TRF,2026-06-26,6,22.78
Lab B,J3,mouse,TRF,between,TRF,2026-06-26,6,26.84
Lab B,K1,mouse,control,between,AL,2026-06-26,6,22.95
Lab B,K2,mouse,control,between,AL,2026-06-26,6,23.56
Lab B,K3,mouse,control,between,AL,2026-06-26,6,23.34
Lab B,K4,mouse,control,between,AL,2026-06-26,6,26.81
